Project name,Source type,Language,Development toolset,Team size,Age,Source,Link,Application type,Application size,Operating system,Number of versions,1st vc increments,2nd vc increments,3rd vc increments,4th vc increments,Suffix number increments,1st vc number of jumps,1st vc sum of jumps,1st vc avg of jumps,2nd vc number of jumps,2nd vc sum of jumps,2nd vc avg of jumps,3rd vc number of jumps,3rd vc sum of jumps,3rd vc avg of jumps,4th vc number of jumps,4th vc sum of jumps,4th vc avg of jumps,Suffix number of jumps,Suffix sum of jumps,Suffix avg of jumps,1st vc number of empty jumps,1st vc sum of empty jumps,1st vc avg of empty jumps,2nd vc number of empty jumps,2nd vc sum of empty jumps,2nd vc avg of empty jumps,3rd vc number of empty jumps,3rd vc sum of empty jumps,3rd vc avg of empty jumps,4th vc number of empty jumps,4th vc sum of empty jumps,4th vc avg of empty jumps,Suffix number of empty jumps,Suffix sum of empty jumps,Suffix avg of empty jumps,1st vc avg cycle length,2nd vc avg cycle length,3rd vc avg cycle length,4th vc avg cycle length,Suffix number avg cycle length,Number of megalomania severities,Sum of megalomania severities,Average of megalomania severities,Aggregated increments,Aggregated jumps,Aggregated empty jumps,Aggregated cycle length,Aggregated inconsistency score
air,Proprietary,C,--,--,6.3,archive,http://helpx.adobe.com/air/kb/archived-air-sdk-version.html,Multimedia,244,Windows,24,3,11,1,1,0,2,14.0,7.0,1,5.0,5.0,2,4.0,2.0,13,18495.0,1422.6923076923076,0,0.0,0,0,0.0,0,0,0.0,0,4,5.0,2.5,3,7.0,3.6666666666666665,0,0.0,0,3.4285714285714284,1.411764705882353,2.1818181818181817,1.0,4.0,1.0,1.0,1.0,16.0,28.0,9.0,2.4044308632543925,38.0
nvidiadriver,Proprietary,C,--,--,3,archive,http://www.nvidia.com/object/linux-amd64-display-archive.html,Firmware,74,Linux,186,0,4,0,0,0,147,19521.0,132.79591836734693,177,4599.0,25.983050847457626,20,242.0,12.1,0,0.0,0,0,0.0,0,0,0.0,0,0,0.0,0,38,5.0,2.5,0,0.0,0,0,0.0,0,1.2567567567567568,1.021978021978022,1.0,1.0,8.454545454545455,0.0,0.0,0,4.0,815.0,5.0,2.5466560466560466,820.0
clover,Proprietary,Java,--,--,6.9,"archive,documentation,release_notes","https://www.atlassian.com/software/clover/download-archives,https://confluence.atlassian.com/display/ALLDOC/Clover+Documentation+Directory, https://confluence.atlassian.com/display/CLOVER/Clover+Release+Notes",DevTool,59,Multiplatform,71,3,10,22,0,5,0,0.0,0,1,2.0,2.0,6,28.0,4.666666666666667,0,0.0,0,0,0.0,0,0,0.0,0,0,0.0,0,23,5.0,2.4782608695652173,0,0.0,0,0,0.0,0,3.380952380952381,2.9583333333333335,1.1833333333333333,1.0,2.3666666666666667,1.0,1.0,1.0,40.0,15.0,5.0,2.1778571428571434,21.0
clover,Proprietary,Java,--,--,6.9,archive,"https://www.atlassian.com/software/clover/download-archives,https://confluence.atlassian.com/display/ALLDOC/Clover+Documentation+Directory, https://confluence.atlassian.com/display/CLOVER/Clover+Release+Notes",DevTool,59,Multiplatform,56,2,10,22,0,5,0,0.0,0,1,2.0,2.0,7,21.0,3.0,0,0.0,0,1,1.0,1.0,0,0.0,0,0,0.0,0,2,7.0,3.5,0,0.0,0,0,0.0,0,3.2941176470588234,2.8,1.2444444444444445,1.0,2.3333333333333335,1.0,1.0,1.0,39.0,17.0,7.0,2.1343790849673203,25.0
clover,Proprietary,Java,--,--,6.9,archive_eclipse,"https://www.atlassian.com/software/clover/download-archives,https://confluence.atlassian.com/display/ALLDOC/Clover+Documentation+Directory, https://confluence.atlassian.com/display/CLOVER/Clover+Release+Notes",DevTool,59,Multiplatform,37,2,9,18,0,1,0,0.0,0,0,0.0,0,6,10.0,1.6666666666666667,0,0.0,0,0,0.0,0,0,0.0,0,0,0.0,0,0,0.0,0,0,0.0,0,0,0.0,0,3.0833333333333335,2.8461538461538463,1.088235294117647,1.0,2.642857142857143,1.0,1.0,1.0,30.0,12.0,0.0,2.132115923292394,13.0
clover,Proprietary,Java,--,--,6.9,documentation,"https://www.atlassian.com/software/clover/download-archives,https://confluence.atlassian.com/display/ALLDOC/Clover+Documentation+Directory, https://confluence.atlassian.com/display/CLOVER/Clover+Release+Notes",DevTool,59,Multiplatform,12,3,7,0,0,0,0,0.0,0,1,2.0,2.0,0,0.0,0,0,0.0,0,0,0.0,0,0,0.0,0,0,0.0,0,0,0.0,0,0,0.0,0,0,0.0,0,3.0,1.0,1.0,1.0,3.0,0.0,0.0,0,10.0,1.0,0.0,1.8,1.0
clover,Proprietary,Java,--,--,6.9,release_notes,"https://www.atlassian.com/software/clover/download-archives,https://confluence.atlassian.com/display/ALLDOC/Clover+Documentation+Directory, https://confluence.atlassian.com/display/CLOVER/Clover+Release+Notes",DevTool,59,Multiplatform,12,2,9,0,0,0,0,0.0,0,0,0.0,0,0,0.0,0,0,0.0,0,0,0.0,0,0,0.0,0,0,0.0,0,0,0.0,0,0,0.0,0,0,0.0,0,4.0,1.0,1.0,1.0,4.0,0.0,0.0,0,11.0,0.0,0.0,2.2,0.0
bamboo,Proprietary,Java,--,--,7.6,"archive,documentation,release_notes","https://www.atlassian.com/software/bamboo/download-archives,https://confluence.atlassian.com/display/ALLDOC/Bamboo+Documentation+Directory,https://confluence.atlassian.com/display/BAMBOO/Older+releases",DevTool,166.1,Windows,122,5,23,55,0,3,0,0.0,0,0,0.0,0,4,10.0,2.5,0,0.0,0,0,0.0,0,0,0.0,0,0,0.0,0,53,5.0,2.509433962264151,0,0.0,0,0,0.0,0,3.935483870967742,3.588235294117647,1.0,1.0,3.2972972972972974,4.0,4.0,1.0,86.0,8.0,5.0,2.564203292476537,14.0
bamboo,Proprietary,Java,--,--,7.6,archive,"https://www.atlassian.com/software/bamboo/download-archives,https://confluence.atlassian.com/display/ALLDOC/Bamboo+Documentation+Directory,https://confluence.atlassian.com/display/BAMBOO/Older+releases",DevTool,166.1,Windows,116,8,26,49,0,3,3,9.0,3.0,8,27.0,3.375,12,27.0,2.25,0,0.0,0,0,0.0,0,0,0.0,0,0,0.0,0,42,5.0,2.5238095238095237,0,0.0,0,0,0.0,0,3.135135135135135,2.6363636363636362,1.008695652173913,1.0,2.9743589743589745,5.0,6.0,1.2,86.0,60.0,5.0,2.1509106796063318,66.2
bamboo,Proprietary,Java,--,--,7.6,documentation,"https://www.atlassian.com/software/bamboo/download-archives,https://confluence.atlassian.com/display/ALLDOC/Bamboo+Documentation+Directory,https://confluence.atlassian.com/display/BAMBOO/Older+releases",DevTool,166.1,Windows,27,4,21,0,0,0,0,0.0,0,1,2.0,2.0,0,0.0,0,0,0.0,0,0,0.0,0,0,0.0,0,0,0.0,0,0,0.0,0,0,0.0,0,0,0.0,0,5.4,1.0,1.0,1.0,5.4,0.0,0.0,0,25.0,1.0,0.0,2.7600000000000002,1.0
bamboo,Proprietary,Java,--,--,7.6,release_notes,"https://www.atlassian.com/software/bamboo/download-archives,https://confluence.atlassian.com/display/ALLDOC/Bamboo+Documentation+Directory,https://confluence.atlassian.com/display/BAMBOO/Older+releases",DevTool,166.1,Windows,29,4,18,0,0,0,0,0.0,0,4,8.0,2.0,0,0.0,0,0,0.0,0,0,0.0,0,0,0.0,0,0,0.0,0,0,0.0,0,0,0.0,0,0,0.0,0,4.833333333333333,1.0357142857142858,1.0,1.0,4.833333333333333,0.0,0.0,0,22.0,4.0,0.0,2.5404761904761903,4.0
crucible,Proprietary,Java,--,--,7.2,"archive,documentation,release_notes","https://www.atlassian.com/software/crucible/download-archives,https://confluence.atlassian.com/display/ALLDOC/Crucible+Documentation+Directory,https://confluence.atlassian.com/display/CRUCIBLE/Older+release+notes",DevTool,157.4,Windows,163,2,16,103,0,3,0,0.0,0,3,14.0,4.666666666666667,6,20.0,3.3333333333333335,0,0.0,0,2,2.0,1.0,0,0.0,0,0,0.0,0,41,5.0,2.5121951219512195,2,7.0,3.5,0,0.0,0,5.620689655172414,5.620689655172414,1.044871794871795,1.0,4.2894736842105265,2.0,2.0,1.0,124.0,21.0,9.0,3.51514495788543,31.0
crucible,Proprietary,Java,--,--,7.2,archive,"https://www.atlassian.com/software/crucible/download-archives,https://confluence.atlassian.com/display/ALLDOC/Crucible+Documentation+Directory,https://confluence.atlassian.com/display/CRUCIBLE/Older+release+notes",DevTool,157.4,Windows,148,5,32,78,0,3,3,6.0,2.0,15,78.0,5.2,28,122.0,4.357142857142857,0,0.0,0,1,1.0,1.0,0,0.0,0,0,0.0,0,7,5.0,2.5714285714285716,2,7.0,3.5,0,0.0,0,3.8947368421052633,2.5964912280701755,1.0802919708029197,1.0,3.6097560975609757,5.0,5.0,1.0,118.0,113.0,9.0,2.436255227707867,123.0
crucible,Proprietary,Java,--,--,7.2,documentation,"https://www.atlassian.com/software/crucible/download-archives,https://confluence.atlassian.com/display/ALLDOC/Crucible+Documentation+Directory,https://confluence.atlassian.com/display/CRUCIBLE/Older+release+notes",DevTool,157.4,Windows,22,2,17,0,0,0,0,0.0,0,2,4.0,2.0,0,0.0,0,0,0.0,0,0,0.0,0,0,0.0,0,0,0.0,0,0,0.0,0,0,0.0,0,0,0.0,0,5.5,1.0,1.0,1.0,5.5,0.0,0.0,0,19.0,2.0,0.0,2.8,2.0
crucible,Proprietary,Java,--,--,7.2,release_notes,"https://www.atlassian.com/software/crucible/download-archives,https://confluence.atlassian.com/display/ALLDOC/Crucible+Documentation+Directory,https://confluence.atlassian.com/display/CRUCIBLE/Older+release+notes",DevTool,157.4,Windows,21,2,16,0,0,0,0,0.0,0,2,4.0,2.0,0,0.0,0,0,0.0,0,0,0.0,0,0,0.0,0,0,0.0,0,0,0.0,0,0,0.0,0,0,0.0,0,5.25,1.0,1.0,1.0,5.25,0.0,0.0,0,18.0,2.0,0.0,2.7,2.0
fisheye,Proprietary,Java,--,--,8.8,"archive,documentation,release_notes","https://www.atlassian.com/software/fisheye/download-archives,https://confluence.atlassian.com/display/ALLDOC/FishEye+Documentation+Directory,https://confluence.atlassian.com/display/FISHEYE/Older+release+notes",DevTool,157.4,Windows,157,2,19,97,0,1,0,0.0,0,2,11.0,5.5,9,28.0,3.111111111111111,0,0.0,0,1,1.0,1.0,0,0.0,0,0,0.0,0,42,5.0,2.5,0,0.0,0,0,0.0,0,5.607142857142857,5.413793103448276,1.0194805194805194,1.0,4.757575757575758,2.0,2.0,1.0,119.0,24.0,5.0,3.5595984475294813,30.0
fisheye,Proprietary,Java,--,--,8.8,archive,"https://www.atlassian.com/software/fisheye/download-archives,https://confluence.atlassian.com/display/ALLDOC/FishEye+Documentation+Directory,https://confluence.atlassian.com/display/FISHEYE/Older+release+notes",DevTool,157.4,Windows,140,5,35,74,0,1,3,6.0,2.0,14,75.0,5.357142857142857,32,133.0,4.15625,0,0.0,0,0,0.0,0,0,0.0,0,0,0.0,0,4,5.0,2.5,0,0.0,0,0,0.0,0,3.888888888888889,2.413793103448276,1.044776119402985,1.0,3.888888888888889,4.0,4.0,1.0,115.0,118.0,5.0,2.4472694001258075,124.0
fisheye,Proprietary,Java,--,--,8.8,documentation,"https://www.atlassian.com/software/fisheye/download-archives,https://confluence.atlassian.com/display/ALLDOC/FishEye+Documentation+Directory,https://confluence.atlassian.com/display/FISHEYE/Older+release+notes",DevTool,157.4,Windows,22,2,18,0,0,0,0,0.0,0,1,1.0,1.0,0,0.0,0,0,0.0,0,0,0.0,0,0,0.0,0,0,0.0,0,0,0.0,0,0,0.0,0,0,0.0,0,5.5,1.0,1.0,1.0,5.5,0.0,0.0,0,20.0,1.0,0.0,2.8,1.0
fisheye,Proprietary,Java,--,--,8.8,release_notes,"https://www.atlassian.com/software/fisheye/download-archives,https://confluence.atlassian.com/display/ALLDOC/FishEye+Documentation+Directory,https://confluence.atlassian.com/display/FISHEYE/Older+release+notes",DevTool,157.4,Windows,22,2,17,0,0,0,0,0.0,0,1,1.0,1.0,0,0.0,0,0,0.0,0,0,0.0,0,0,0.0,0,0,0.0,0,0,0.0,0,0,0.0,0,0,0.0,0,5.5,1.0476190476190477,1.0,1.0,5.5,0.0,0.0,0,19.0,1.0,0.0,2.8095238095238093,1.0
flashplayer,Proprietary,C,--,--,10.9,"android_archive,archive,release_notes","http://helpx.adobe.com/flash-player/kb/archived-flash-player-versions.html,http://helpx.adobe.com/flash-player/flash-player-releasenotes.html",Multimedia,18.2,Windows,240,6,18,16,29,0,2,7.0,3.5,0,0.0,0,58,2792.0,48.13793103448276,173,23610.0,136.47398843930637,0,0.0,0,0,0.0,0,0,0.0,0,0,0.0,0,0,0.0,0,0,0.0,0,20.0,10.0,3.116883116883117,1.1764705882352942,34.285714285714285,0.0,0.0,0,69.0,297.0,0.0,13.71581359816654,297.0
flashplayer,Proprietary,C,--,--,10.9,android_archive,"http://helpx.adobe.com/flash-player/kb/archived-flash-player-versions.html,http://helpx.adobe.com/flash-player/flash-player-releasenotes.html",Multimedia,18.2,Windows,43,1,3,1,10,0,0,0.0,0,0,0.0,0,6,194.0,32.333333333333336,31,451.0,14.548387096774194,0,0.0,0,0,0.0,0,0,0.0,0,0,0.0,0,0,0.0,0,0,0.0,0,21.5,8.6,5.375,1.0238095238095237,21.5,0.0,0.0,0,15.0,43.0,0.0,11.599761904761905,43.0
flashplayer,Proprietary,C,--,--,10.9,archive,"http://helpx.adobe.com/flash-player/kb/archived-flash-player-versions.html,http://helpx.adobe.com/flash-player/flash-player-releasenotes.html",Multimedia,18.2,Windows,121,26,21,1,4,0,33,292.0,8.848484848484848,57,158.0,2.7719298245614037,86,19502.0,226.7674418604651,114,14126.0,123.91228070175438,0,0.0,0,0,0.0,0,0,0.0,0,0,0.0,0,0,0.0,0,0,0.0,0,1.9516129032258065,1.3010752688172043,1.2222222222222223,1.0083333333333333,8.066666666666666,0.0,0.0,0,52.0,589.0,0.0,2.7099820788530464,589.0
flashplayer,Proprietary,C,--,--,10.9,release_notes,"http://helpx.adobe.com/flash-player/kb/archived-flash-player-versions.html,http://helpx.adobe.com/flash-player/flash-player-releasenotes.html",Multimedia,18.2,Windows,229,8,17,12,8,0,53,308.0,5.811320754716981,25,108.0,4.32,112,20423.0,182.34821428571428,167,60878.0,364.5389221556886,0,0.0,0,0,0.0,0,0,0.0,0,2,6.0,3.0,2,6.0,3.0,0,0.0,0,3.4696969696969697,3.3676470588235294,1.4679487179487178,1.2793296089385475,6.735294117647059,0.0,0.0,0,45.0,678.0,6.0,3.263983294610965,684.0
mentalray,Proprietary,C++,--,--,2.5,documentation,http://docs.autodesk.com/MENTALRAY/2014/ENU/mental-ray-help/,Multimedia,1000,Windows,109,0,2,4,90,0,0,0.0,0,0,0.0,0,2,4.0,2.0,13,32.0,2.4615384615384617,0,0.0,0,0,0.0,0,0,0.0,0,0,0.0,0,0,0.0,0,0,0.0,0,12.11111111111111,12.11111111111111,12.11111111111111,1.0,12.11111111111111,0.0,0.0,0,96.0,17.0,0.0,9.88888888888889,17.0
ant,OSS,Java,Java,8,15,git,https://github.com/apache/ant.git,DevTool,6.1,Multiplatform,66,22,0,0,0,10,12,666.0,55.5,0,0.0,0,0,0.0,0,0,0.0,0,3,5.0,1.6666666666666667,0,0.0,0,0,0.0,0,0,0.0,0,0,0.0,0,0,0.0,0,1.375,1.0,1.0,1.0,1.375,0.0,0.0,0,32.0,24.0,0.0,1.15,24.0
d3,OSS,JavaScript,JavaScript,77,4,git,https://github.com/mbostock/d3.git,Library,3,Multiplatform,172,2,37,119,0,0,0,0.0,0,6,43.0,7.166666666666667,7,35.0,5.0,0,0.0,0,0,0.0,0,0,0.0,0,0,0.0,0,0,0.0,0,0,0.0,0,0,0.0,0,4.914285714285715,3.739130434782609,1.0683229813664596,1.0,4.914285714285715,2.0,2.0,1.0,158.0,19.0,0.0,3.1272049689441,20.0
git,OSS,C,VCS,815,9,git,https://github.com/git/git.git,DevTool,5.9,Multiplatform,486,2,10,73,159,129,0,0.0,0,0,0.0,0,4,22.0,5.5,0,0.0,0,0,0.0,0,0,0.0,0,0,0.0,0,5,3.0,3.0,74,7.0,3.5,0,0.0,0,5.586206896551724,5.5227272727272725,3.4225352112676055,1.0,1.8692307692307693,9.0,10.0,1.1111111111111112,373.0,8.0,7.0,3.480140029955474,16.11111111111111
gradle,OSS,Java,Groovy,119,6,git,https://github.com/gradle/gradle.git,DevTool,12,Multiplatform,78,2,18,5,0,27,0,0.0,0,2,11.0,5.5,0,0.0,0,0,0.0,0,2,2.0,1.0,0,0.0,0,0,0.0,0,8,5.0,2.5,0,0.0,0,0,0.0,0,3.391304347826087,2.0,1.0,1.0,1.2,1.0,1.0,1.0,52.0,4.0,5.0,1.7182608695652175,10.0
groovy-core,OSS,Java,Groovy,101,11,git,https://github.com/groovy/groovy-core.git,Language,21,Multiplatform,136,1,9,56,0,38,0,0.0,0,1,4.0,4.0,4,15.0,3.75,0,0.0,0,15,22.0,1.4666666666666666,0,0.0,0,0,0.0,0,9,3.0,3.0,0,0.0,0,0,0.0,0,5.037037037037037,4.387096774193548,1.1428571428571428,1.0,1.6585365853658536,3.0,3.0,1.0,104.0,11.0,3.0,2.645105507890716,15.0
jenkins,OSS,Java,--,294,8,git,https://github.com/jenkinsci/jenkins.git,DevTool,27,Multiplatform,307,0,243,19,0,4,0,0.0,0,15,1007.0,67.13333333333334,0,0.0,0,0,0.0,0,0,0.0,0,1,0.0,0.0,1,0.0,0.0,22,9.0,2.590909090909091,2,6.0,3.0,1,0.0,0.0,10.964285714285714,1.1204379562043796,1.0199335548172757,1.0,6.673913043478261,0.0,0.0,0,266.0,45.0,9.0,4.1557140537571255,54.0
jquery,OSS,JavaScript,JavaScript,196,8,git,https://github.com/jquery/jquery.git,Library,0.5,Multiplatform,122,1,11,36,0,15,0,0.0,0,2,10.0,5.0,0,0.0,0,0,0.0,0,8,8.0,1.0,0,0.0,0,0,0.0,0,19,5.0,2.8421052631578947,2,7.0,3.5,0,0.0,0,2.652173913043478,2.259259259259259,1.1844660194174756,1.0,1.4878048780487805,8.0,8.0,1.0,63.0,6.0,9.0,1.7167408139537987,16.0
jquery-ui,OSS,JavaScript,JavaScript,251,6,git,https://github.com/jquery/jquery-ui.git,Library,2.7,Multiplatform,63,0,5,27,0,11,0,0.0,0,1,5.0,5.0,4,32.0,8.0,0,0.0,0,2,3.0,1.5,0,0.0,0,0,0.0,0,5,5.0,2.8,0,0.0,0,0,0.0,0,7.875,5.7272727272727275,1.125,1.0,2.52,1.0,1.0,1.0,43.0,11.0,5.0,3.649454545454545,17.0
linux,OSS,C,UNIX,4091,9,git,https://github.com/torvalds/linux.git,OS,145,Multiplatform,382,1,14,28,0,288,0,0.0,0,2,11.0,5.5,0,0.0,0,0,0.0,0,2,11.0,5.5,0,0.0,0,0,0.0,0,1,2.0,2.0,0,0.0,0,0,0.0,0,8.304347826086957,6.161290322580645,1.91,1.0,1.0052631578947369,1.0,1.0,1.0,331.0,6.0,2.0,3.676180261312468,9.0
maven,OSS,Java,Java,32,11,git,https://github.com/apache/maven.git,DevTool,5.2,Multiplatform,34,1,2,9,0,11,0,0.0,0,0,0.0,0,0,0.0,0,0,0.0,0,1,1.0,1.0,0,0.0,0,0,0.0,0,2,5.0,2.5,0,0.0,0,0,0.0,0,3.090909090909091,3.090909090909091,1.1333333333333333,1.0,1.1724137931034482,1.0,1.0,1.0,23.0,0.0,5.0,1.8975130616509925,6.0
php-src,OSS,C,PHP,191,15,git,https://github.com/php/php-src.git,Language,23,Multiplatform,615,6,23,146,0,169,5,18.0,3.6,7,105.0,15.0,17,128.0,7.529411764705882,0,0.0,0,18,20.0,1.1111111111111112,25,6.0,0.96,17,6.0,1.588235294117647,29,10.0,2.4482758620689653,0,0.0,0,25,6.0,0.96,2.4798387096774195,2.338403041825095,1.404109589041096,1.0,1.1538461538461537,14.0,20.0,1.4285714285714286,344.0,75.0,10.0,1.6752394988779529,86.42857142857143
r-lang,OSS,C,R,29,17,git,https://github.com/wch/r-source.git,Language,18,Multiplatform,54,2,21,28,0,0,0,0.0,0,3,13.0,4.333333333333333,3,4.0,1.3333333333333333,0,0.0,0,0,0.0,0,0,0.0,0,0,0.0,0,0,0.0,0,0,0.0,0,0,0.0,0,2.16,2.0,1.0,1.0,2.16,2.0,2.0,1.0,51.0,9.0,0.0,1.6640000000000001,10.0
rails,OSS,Ruby,Ruby,2404,10,git,https://github.com/rails/rails.git,Framework,4.9,Multiplatform,221,4,12,103,0,43,0,0.0,0,1,9.0,9.0,11,66.0,6.0,0,0.0,0,1,1.0,1.0,0,0.0,0,0,0.0,0,0,0.0,0,6,7.0,3.5,0,0.0,0,3.8771929824561404,3.7457627118644066,1.3233532934131738,1.0,1.637037037037037,4.0,4.0,1.0,162.0,25.0,7.0,2.3166692049541515,33.0
symfony,OSS,PHP,PHP,972,4.6,git,https://github.com/symfony/symfony.git,Framework,4.2,Multiplatform,90,0,5,68,0,2,0,0.0,0,0,0.0,0,10,65.0,6.5,0,0.0,0,2,2.0,1.0,0,0.0,0,0,0.0,0,0,0.0,0,0,0.0,0,0,0.0,0,9.0,9.0,1.0227272727272727,1.0,6.428571428571429,0.0,0.0,0,75.0,20.0,0.0,5.29025974025974,20.0
yui2,OSS,JavaScript,JavaScript,22,9,git,https://github.com/yui/yui2.git,Library,15,Multiplatform,1282,0,0,0,0,1255,0,0.0,0,0,0.0,0,0,0.0,0,0,0.0,0,3,2002.0,667.3333333333334,0,0.0,0,0,0.0,0,0,0.0,0,0,0.0,0,0,0.0,0,1282.0,1.0,1.0,1.0,1.0182684670373312,0.0,0.0,0,1255.0,0.0,0.0,257.2036536934075,0.0
yui3,OSS,JavaScript,JavaScript,140,7,git,https://github.com/yui/yui3.git,Library,20,Multiplatform,77,0,16,15,0,17,0,0.0,0,2,11.0,5.5,0,0.0,0,0,0.0,0,1,2.0,2.0,0,0.0,0,0,0.0,0,0,0.0,0,0,0.0,0,0,0.0,0,2.264705882352941,1.75,1.5714285714285714,1.0,1.1159420289855073,0.0,0.0,0,48.0,6.0,0.0,1.540415296553404,6.0
ruby,OSS,C,Ruby,36,17,git,https://github.com/ruby/ruby.git,Language,13,Multiplatform,253,2,10,33,37,48,0,0.0,0,0,0.0,0,4,7.0,1.75,70,3641.0,52.01428571428571,4,4.0,1.0,0,0.0,0,0,0.0,0,6,5.0,2.6666666666666665,18,7.0,3.9444444444444446,0,0.0,0,6.837837837837838,6.023809523809524,2.4326923076923075,1.0,2.53,7.0,7.0,1.0,130.0,78.0,9.0,3.764867933867934,88.0
ruby,OSS,C,Ruby,36,17,release_notes,https://github.com/ruby/ruby.git,Language,13,Multiplatform,122,6,17,42,0,14,4,4.0,1.0,19,137.0,7.2105263157894735,37,129.0,3.4864864864864864,0,0.0,0,61,20322.0,333.1475409836066,0,0.0,0,0,0.0,0,1,3.0,3.0,0,0.0,0,0,0.0,0,6.1,2.7111111111111112,1.1730769230769231,1.0,1.2708333333333333,2.0,3.0,1.5,79.0,147.0,3.0,2.4510042735042736,151.5
jira,Proprietary,Java,--,--,6.3,marketplace,https://marketplace.atlassian.com/plugins/com.pyxis.greenhopper.jira/versions,DevTool,288.8,Windows,102,3,18,41,6,0,0,0.0,0,7,29.0,4.142857142857143,12,25.0,2.0833333333333335,1,2.0,2.0,0,0.0,0,0,0.0,0,0,0.0,0,24,5.0,2.5,26,7.0,3.5,0,0.0,0,3.090909090909091,2.4285714285714284,1.186046511627907,1.0,3.090909090909091,4.0,4.0,1.0,68.0,46.0,9.0,2.1592872244035037,56.0
connector,Proprietary,Java,--,--,5.3,"marketplace,release_notes","https://marketplace.atlassian.com/plugins/com.atlassian.ide.plugins.eclipse.jira/versions,https://marketplace.atlassian.com/plugins/com.atlassian.ide.plugins.idea/versions,https://marketplace.atlassian.com/plugins/PLVS/versions,https://confluence.atlassian.com/display/ALLDOC/IDE+Connector+Documentation+Directory",DevTool,68.8,Multiplatform,41,3,7,16,0,0,0,0.0,0,2,4.0,2.0,6,28.0,4.666666666666667,0,0.0,0,0,0.0,0,0,0.0,0,0,0.0,0,3,5.0,2.6666666666666665,0,0.0,0,0,0.0,0,5.857142857142857,2.9285714285714284,1.025,1.0,4.555555555555555,0.0,0.0,0,26.0,10.0,5.0,3.073253968253968,15.0
connector,Proprietary,Java,--,--,5.3,marketplace,"https://marketplace.atlassian.com/plugins/com.atlassian.ide.plugins.eclipse.jira/versions,https://marketplace.atlassian.com/plugins/com.atlassian.ide.plugins.idea/versions,https://marketplace.atlassian.com/plugins/PLVS/versions,https://confluence.atlassian.com/display/ALLDOC/IDE+Connector+Documentation+Directory",DevTool,68.8,Multiplatform,35,2,6,18,0,0,0,0.0,0,1,2.0,2.0,3,6.0,2.0,0,0.0,0,0,0.0,0,0,0.0,0,0,0.0,0,5,5.0,2.6,0,0.0,0,0,0.0,0,8.75,3.5,1.0294117647058822,1.0,8.75,0.0,0.0,0,26.0,5.0,5.0,4.605882352941177,10.0
connector,Proprietary,Java,--,--,5.3,marketplace_eclipse,"https://marketplace.atlassian.com/plugins/com.atlassian.ide.plugins.eclipse.jira/versions,https://marketplace.atlassian.com/plugins/com.atlassian.ide.plugins.idea/versions,https://marketplace.atlassian.com/plugins/PLVS/versions,https://confluence.atlassian.com/display/ALLDOC/IDE+Connector+Documentation+Directory",DevTool,68.8,Multiplatform,20,2,4,9,0,0,0,0.0,0,2,4.0,2.0,1,2.0,2.0,0,0.0,0,0,0.0,0,0,0.0,0,0,0.0,0,1,3.0,3.0,0,0.0,0,0,0.0,0,5.0,2.2222222222222223,1.0526315789473684,1.0,5.0,0.0,0.0,0,15.0,5.0,3.0,2.8549707602339183,8.0
connector,Proprietary,Java,--,--,5.3,documentation,"https://marketplace.atlassian.com/plugins/com.atlassian.ide.plugins.eclipse.jira/versions,https://marketplace.atlassian.com/plugins/com.atlassian.ide.plugins.idea/versions,https://marketplace.atlassian.com/plugins/PLVS/versions,https://confluence.atlassian.com/display/ALLDOC/IDE+Connector+Documentation+Directory",DevTool,68.8,Multiplatform,13,2,6,0,0,0,0,0.0,0,1,2.0,2.0,0,0.0,0,0,0.0,0,0,0.0,0,0,0.0,0,0,0.0,0,0,0.0,0,0,0.0,0,0,0.0,0,3.25,1.1818181818181819,1.0,1.0,2.6,0.0,0.0,0,8.0,2.0,0.0,1.8063636363636362,2.0
connector,Proprietary,Java,--,--,5.3,documentation_eclipse,"https://marketplace.atlassian.com/plugins/com.atlassian.ide.plugins.eclipse.jira/versions,https://marketplace.atlassian.com/plugins/com.atlassian.ide.plugins.idea/versions,https://marketplace.atlassian.com/plugins/PLVS/versions,https://confluence.atlassian.com/display/ALLDOC/IDE+Connector+Documentation+Directory",DevTool,68.8,Multiplatform,7,2,3,0,0,0,0,0.0,0,0,0.0,0,0,0.0,0,0,0.0,0,0,0.0,0,0,0.0,0,0,0.0,0,0,0.0,0,0,0.0,0,0,0.0,0,2.3333333333333335,1.1666666666666667,1.0,1.0,2.3333333333333335,0.0,0.0,0,5.0,0.0,0.0,1.5666666666666669,0.0
acrobat,Proprietary,C++,--,--,7.9,release_notes,http://helpx.adobe.com/acrobat/release-note/release-notes-acrobat-reader.html,Multimedia,1850,Windows,67,14,9,33,0,0,11,88.0,8.0,9,19.0,2.111111111111111,8,29.0,3.625,0,0.0,0,0,0.0,0,0,0.0,0,5,6.0,2.0,17,6.0,2.411764705882353,0,0.0,0,0,0.0,0,2.392857142857143,2.576923076923077,1.046875,1.0,6.090909090909091,1.0,1.0,1.0,56.0,59.0,6.0,2.621512862137862,66.0
python,OSS,C,Python,119,23,release_notes,https://www.python.org/doc/versions/,Language,20,Multiplatform,76,2,13,44,0,1,0,0.0,0,0,0.0,0,0,0.0,0,0,0.0,0,0,0.0,0,0,0.0,0,0,0.0,0,23,5.0,2.5217391304347827,0,0.0,0,0,0.0,0,4.222222222222222,4.0,1.0133333333333334,1.0,3.619047619047619,1.0,1.0,1.0,60.0,0.0,5.0,2.7709206349206346,6.0
rhel,OSS,C,UNIX,--,21,release_notes,https://access.redhat.com/articles/3078,OS,2800,Linux,51,5,0,0,0,37,0,0.0,0,0,0.0,0,0,0.0,0,0,0.0,0,0,0.0,0,0,0.0,0,1,1.0,1.0,0,0.0,0,0,0.0,0,0,0.0,0,4.25,1.1333333333333333,1.0,1.0,1.0408163265306123,0.0,0.0,0,42.0,0.0,1.0,1.6848299319727889,1.0
svn,OSS,C,VCS,176,14,release_notes,https://subversion.apache.org/docs/release-notes/release-history.html,DevTool,0.3,Multiplatform,134,1,49,55,0,0,0,0.0,0,9,58.0,6.444444444444445,27,183.0,6.777777777777778,0,0.0,0,0,0.0,0,2,3.0,1.5,2,3.0,1.5,25,9.0,2.56,0,0.0,0,2,3.0,1.5,4.620689655172414,2.09375,1.0,1.0,4.620689655172414,2.0,2.0,1.0,105.0,81.0,9.0,2.6670258620689653,91.0
svn,OSS,C,VCS,176,14,svn,https://subversion.apache.org/docs/release-notes/release-history.html,DevTool,0.3,Multiplatform,199,1,39,93,0,38,0,0.0,0,1,6.0,6.0,12,61.0,5.083333333333333,0,0.0,0,5,14.0,2.8,0,0.0,0,0,0.0,0,0,0.0,0,0,0.0,0,0,0.0,0,5.102564102564102,3.618181818181818,1.3916083916083917,1.0,2.2613636363636362,0.0,0.0,0,171.0,27.0,0.0,2.6747435897435894,27.0
atunes,OSS,Java,--,4,8,svn,https://svn.code.sf.net/p/atunes/code,DesktopApp,16,Multiplatform,45,1,10,26,0,0,2,3.0,1.5,2,13.0,6.5,5,9.0,1.8,0,0.0,0,0,0.0,0,0,0.0,0,0,0.0,0,0,0.0,0,0,0.0,0,0,0.0,0,3.2142857142857144,3.0,1.0465116279069768,1.0,3.4615384615384617,0.0,0.0,0,37.0,15.0,0.0,2.344467160746231,15.0
cardme,OSS,Java,--,5,5,svn,https://svn.code.sf.net/p/cardme/code,Firmware,0.27,Multiplatform,19,0,2,8,2,0,0,0.0,0,1,3.0,3.0,2,4.0,2.0,0,0.0,0,1,2.0,2.0,0,0.0,0,0,0.0,0,0,0.0,0,11,7.0,3.5454545454545454,0,0.0,0,2.375,2.111111111111111,1.4615384615384615,1.0,1.9,2.0,3.0,1.5,12.0,7.0,7.0,1.7695299145299146,15.5
davmail,OSS,Java,--,1,8,svn,https://svn.code.sf.net/p/davmail/code,DesktopApp,4.8,Multiplatform,63,4,17,36,0,2,0,0.0,0,1,2.0,2.0,0,0.0,0,0,0.0,0,0,0.0,0,0,0.0,0,0,0.0,0,1,3.0,3.0,0,0.0,0,0,0.0,0,4.5,2.625,1.2352941176470589,1.0,3.5,3.0,3.0,1.0,59.0,3.0,3.0,2.5720588235294115,7.0
FileZilla3,OSS,C,--,4,10,svn,https://svn.filezilla-project.org/svn/FileZilla3/,Utility,0.77,Multiplatform,92,0,3,23,4,13,0,0.0,0,1,6.0,6.0,3,13.0,4.333333333333333,0,0.0,0,4,4.0,1.0,0,0.0,0,0,0.0,0,0,0.0,0,31,7.0,3.5806451612903225,0,0.0,0,2.0444444444444443,2.0444444444444443,1.5862068965517242,1.0,1.0823529411764705,5.0,6.0,1.2,43.0,9.0,7.0,1.5514897453234167,17.2
hfst,OSS,C,--,13,5,svn,https://svn.code.sf.net/p/hfst/code,Library,3,Multiplatform,25,3,5,10,0,0,2,4.0,2.0,2,5.0,2.5,4,16.0,4.0,0,0.0,0,0,0.0,0,0,0.0,0,0,0.0,0,5,5.0,2.6,0,0.0,0,0,0.0,0,3.125,2.272727272727273,1.0,1.0,5.0,1.0,2.0,2.0,18.0,14.0,5.0,2.4795454545454545,21.0
jailer,OSS,Java,--,3,7,svn,https://svn.code.sf.net/p/jailer/code,DevTool,14,Multiplatform,15,0,2,5,0,0,2,3.0,1.5,3,7.0,2.3333333333333335,6,17.0,2.8333333333333335,0,0.0,0,0,0.0,0,0,0.0,0,0,0.0,0,0,0.0,0,0,0.0,0,0,0.0,0,2.5,2.142857142857143,1.0,1.0,3.0,0.0,0.0,0,7.0,18.0,0.0,1.9285714285714284,18.0
jupload,OSS,Java,--,10,12,svn,https://svn.code.sf.net/p/jupload/code,Utility,5.2,Multiplatform,52,2,11,15,0,8,1,2.0,2.0,1,2.0,2.0,1,2.0,2.0,0,0.0,0,2,12.0,6.0,3,4.0,1.3333333333333333,5,9.0,1.8,7,9.0,2.142857142857143,0,0.0,0,3,4.0,1.3333333333333333,3.25,1.6774193548387097,1.2093023255813953,1.0,1.6774193548387097,2.0,3.0,1.5,36.0,9.0,9.0,1.7628282070517631,19.5
jxls,OSS,Java,--,8,8,svn,https://svn.code.sf.net/p/jxls/code,Library,1.3,Multiplatform,20,1,0,12,0,2,0,0.0,0,0,0.0,0,0,0.0,0,0,0.0,0,0,0.0,0,0,0.0,0,0,0.0,0,3,5.0,2.6666666666666665,2,7.0,3.5,0,0.0,0,5.0,5.0,1.0526315789473684,1.0,2.857142857142857,1.0,1.0,1.0,15.0,0.0,9.0,2.9819548872180452,10.0
ledger-smb,OSS,Perl,--,15,8,svn,https://svn.code.sf.net/p/ledger-smb/code,DesktopApp,2.5,Multiplatform,67,0,3,50,0,0,0,0.0,0,0,0.0,0,10,99.0,9.9,0,0.0,0,0,0.0,0,0,0.0,0,0,0.0,0,2,5.0,2.5,0,0.0,0,0,0.0,0,22.333333333333332,16.75,1.0307692307692307,1.0,13.4,0.0,0.0,0,53.0,20.0,5.0,10.902820512820512,25.0
oswing,OSS,Java,--,1,7,svn,https://svn.code.sf.net/p/oswing/code,Library,8,Multiplatform,92,1,13,56,0,0,0,0.0,0,0,0.0,0,14,37.0,2.642857142857143,0,0.0,0,0,0.0,0,0,0.0,0,0,0.0,0,20,9.0,2.55,2,7.0,3.5,0,0.0,0,7.076923076923077,6.133333333333334,1.0,1.0,7.076923076923077,0.0,0.0,0,70.0,28.0,9.0,4.457435897435897,37.0
picard,OSS,Java,--,28,5,svn,https://svn.code.sf.net/p/picard/code,Utility,49,Multiplatform,109,0,103,0,0,0,0,0.0,0,5,215.0,43.0,0,0.0,0,0,0.0,0,0,0.0,0,0,0.0,0,0,0.0,0,0,0.0,0,0,0.0,0,0,0.0,0,109.0,1.0,1.0,1.0,109.0,0.0,0.0,0,103.0,5.0,0.0,44.2,5.0
rssowl,OSS,Java,--,5,8,svn,https://svn.code.sf.net/p/rssowl/code,DesktopApp,15,Multiplatform,20,0,2,9,0,4,0,0.0,0,0,0.0,0,1,2.0,2.0,0,0.0,0,0,0.0,0,0,0.0,0,0,0.0,0,2,3.0,3.0,0,0.0,0,0,0.0,0,6.666666666666667,5.0,1.0,1.0,2.5,0.0,0.0,0,15.0,1.0,3.0,3.2333333333333334,4.0
subsonic,OSS,Java,--,5,8,svn,https://svn.code.sf.net/p/subsonic/code,WebApp,30,Multiplatform,101,6,41,4,0,13,0,0.0,0,4,10.0,2.5,1,1.0,1.0,0,0.0,0,2,2.0,1.0,3,2.0,0.6666666666666666,3,2.0,0.6666666666666666,10,5.0,2.6,0,0.0,0,3,2.0,0.6666666666666666,2.58974358974359,1.294871794871795,1.0,1.0,1.4027777777777777,3.0,4.0,1.3333333333333333,64.0,9.0,5.0,1.4574786324786326,15.333333333333334
tei,OSS,Perl,--,38,10,svn,https://svn.code.sf.net/p/tei/code,WebApp,203,Multiplatform,25,0,0,0,0,1,2,5.0,2.5,0,0.0,0,0,0.0,0,0,0.0,0,0,0.0,0,1,0.0,0.0,3,4.0,1.3333333333333333,3,4.0,1.3333333333333333,0,0.0,0,1,0.0,0.0,1.6666666666666667,1.0,1.0,1.0,1.6666666666666667,0.0,0.0,0,1.0,6.0,4.0,1.2666666666666668,10.0
tvbrowser,OSS,Java,--,24,11,svn,https://svn.code.sf.net/p/tvbrowser/code,DesktopApp,6.8,Multiplatform,125,3,0,0,0,9,0,0.0,0,0,0.0,0,0,0.0,0,0,0.0,0,1,3.0,3.0,1,0.0,0.0,0,0.0,0,0,0.0,0,0,0.0,0,1,0.0,0.0,6.578947368421052,1.0,1.0,1.0,4.310344827586207,0.0,0.0,0,12.0,0.0,0.0,2.7778584392014514,0.0
uiq3,OSS,Java,Android,3,8,svn,https://svn.code.sf.net/p/uiq3/code,Library,3.1,Multiplatform,202,1,0,0,0,7,2,46.0,23.0,0,0.0,0,0,0.0,0,0,0.0,0,0,0.0,0,0,0.0,0,1,3.0,3.0,1,3.0,3.0,0,0.0,0,0,0.0,0,16.833333333333332,1.0,1.0,1.0,11.222222222222221,0.0,0.0,0,8.0,6.0,3.0,6.21111111111111,9.0
league,Proprietary,C++,--,--,5.5,third_party,http://leagueoflegends.wikia.com/wiki/Patch,Game,8000,Windows,137,7,27,1,60,0,14,85.0,6.071428571428571,2,3.0,1.5,1,3.0,3.0,24,133.0,5.541666666666667,0,0.0,0,0,0.0,0,1,4.0,4.0,2,6.0,3.0,2,6.0,3.0,0,0.0,0,5.956521739130435,2.74,2.5849056603773586,1.0223880597014925,22.833333333333332,1.0,1.0,1.0,95.0,88.0,6.0,7.027429758508523,95.0
wow,Proprietary,C++,--,--,11,third_party,http://www.wowwiki.com/Patches,Game,25000,Windows,507,0,3,10,0,0,5,15.0,3.0,36,180.0,5.0,77,234.0,3.038961038961039,455,5069323.0,11141.36923076923,3,4.0,1.3333333333333333,0,0.0,0,0,0.0,0,0,0.0,0,18,7.0,3.6666666666666665,0,0.0,0,10.5625,6.76,4.056,1.045360824742268,10.346938775510203,1.0,1.0,1.0,13.0,1313.0,7.0,6.554159920050495,1321.0
chrome,Proprietary,--,--,--,--,third_party_archive,http://www.oldapps.com/google_chrome.php,DesktopApp,35,Multiplatform,87,2,0,0,0,0,30,464.0,15.466666666666667,3,1212.0,404.0,36,177905.0,4941.805555555556,75,689727.0,9196.36,0,0.0,0,0,0.0,0,0,0.0,0,0,0.0,0,5,7.0,3.4,0,0.0,0,2.4166666666666665,10.875,2.3513513513513513,1.0,12.428571428571429,0.0,0.0,0,2.0,276.0,7.0,5.8143178893178895,283.0
gliffy,Proprietary,--,--,--,--,marketplace,https://marketplace.atlassian.com/plugins/com.gliffy.integration.jira/versions,WebApp,4,JIRA,76,0,0,4,0,0,7,15.0,2.142857142857143,16,78.0,4.875,39,82.0,2.1025641025641026,0,0.0,0,0,0.0,0,0,0.0,0,0,0.0,0,20,5.0,2.5,0,0.0,0,0,0.0,0,1.6521739130434783,1.3818181818181818,1.0,1.0,1.9487179487179487,4.0,4.0,1.0,4.0,92.0,5.0,1.396542008715922,98.0
instagram,Proprietary,--,--,--,--,third_party_archive,http://apps.xinyou.com/ios/subject/instagram/version,MobileApp,12,Multiplatform,81,0,0,12,0,0,9,24.0,2.6666666666666665,24,94.0,3.9166666666666665,37,114.0,3.081081081081081,0,0.0,0,0,0.0,0,0,0.0,0,0,0.0,0,12,5.0,2.5,0,0.0,0,0,0.0,0,1.8409090909090908,1.4464285714285714,1.0945945945945945,1.0,2.3142857142857145,4.0,5.0,1.25,12.0,112.0,5.0,1.5392435942435942,118.25
jeditor,Proprietary,--,--,--,--,marketplace,https://marketplace.atlassian.com/plugins/com.jiraeditor.jeditor/versions,DevTool,10.4,JIRA,60,0,0,1,0,0,1,1.0,1.0,2,9.0,4.5,54,1156.0,21.40740740740741,0,0.0,0,0,0.0,0,0,0.0,0,0,0.0,0,2,5.0,2.5,0,0.0,0,0,0.0,0,8.571428571428571,7.5,1.0,1.0,10.0,0.0,0.0,0,1.0,61.0,5.0,5.614285714285714,66.0
secondlife,Proprietary,--,--,--,--,third_party,http://wiki.secondlife.com/wiki/Category:Release_Notes,Game,1000,Multiplatform,181,2,25,51,1,0,0,0.0,0,1,13.0,13.0,12,40.0,3.3333333333333335,99,306660.0,3097.5757575757575,0,0.0,0,0,0.0,0,0,0.0,0,5,5.0,2.6,17,7.0,3.5294117647058822,0,0.0,0,7.541666666666667,4.641025641025641,2.033707865168539,1.0,7.541666666666667,1.0,1.0,1.0,79.0,126.0,9.0,4.551613367905503,136.0
skype,Proprietary,--,--,--,--,third_party,http://en.wikipedia.org/wiki/Skype,DesktopApp,100,Multiplatform,61,3,15,0,11,0,0,0.0,0,8,17.0,2.125,2,132.0,66.0,47,2113.0,44.95744680851064,0,0.0,0,0,0.0,0,0,0.0,0,0,0.0,0,0,0.0,0,0,0.0,0,12.2,2.259259259259259,8.714285714285714,1.0166666666666666,12.2,0.0,0.0,0,29.0,75.0,0.0,7.278042328042327,75.0
spotify,Proprietary,--,--,--,--,third_party_archive,http://spotify.en.uptodown.com/mac/old,MobileApp,512,Multiplatform,32,0,0,0,0,0,0,0.0,0,4,23.0,5.75,17,97.0,5.705882352941177,23,4410.0,191.7391304347826,0,0.0,0,0,0.0,0,0,0.0,0,0,0.0,0,3,7.0,3.3333333333333335,0,0.0,0,4.571428571428571,3.2,1.391304347826087,1.0,4.571428571428571,0.0,0.0,0,0.0,69.0,7.0,2.9468322981366457,76.0
tempo,Proprietary,--,--,--,--,marketplace,https://marketplace.atlassian.com/plugins/is.origo.jira.tempo-plugin/versions,WebApp,19,JIRA,163,4,5,8,1,0,15,60.0,4.0,53,198.0,3.7358490566037736,53,114.0,2.150943396226415,16,22.0,1.375,1,1.0,1.0,0,0.0,0,0,0.0,0,47,9.0,2.617021276595745,36,9.0,3.388888888888889,0,0.0,0,1.663265306122449,1.304,1.044871794871795,1.0,1.7912087912087913,17.0,19.0,1.1176470588235294,18.0,341.0,9.0,1.360669178440607,351.11764705882354
matplotlib,OSS,Python,Python,37,11,svn,http://sourceforge.net/projects/matplotlib/,Library,51.2,Multiplatform,57,0,19,19,0,0,0,0.0,0,10,305.0,30.5,0,0.0,0,0,0.0,0,0,0.0,0,0,0.0,0,0,0.0,0,22,5.0,2.5,0,0.0,0,0,0.0,0,3.3529411764705883,1.78125,1.0178571428571428,1.0,3.3529411764705883,0.0,0.0,0,38.0,30.0,5.0,2.100997899159664,35.0
typo3,OSS,PHP,--,41,8,svn,https://svn.typo3.org/TYPO3v4/Core/,Framework,57.3,Multiplatform,126,0,1,0,0,7,0,0.0,0,0,0.0,0,0,0.0,0,0,0.0,0,0,0.0,0,0,0.0,0,0,0.0,0,0,0.0,0,0,0.0,0,0,0.0,0,6.631578947368421,6.631578947368421,1.0,1.0,4.846153846153846,0.0,0.0,0,8.0,0.0,0.0,4.0218623481781375,0.0
